,precision,recall,f1-score,support
account,0.8,0.8,0.8,5.0
billing,1.0,1.0,1.0,5.0
bug,0.8571428571428571,1.0,0.9230769230769231,6.0
cancel,0.8333333333333334,0.8333333333333334,0.8333333333333334,6.0
feature,1.0,1.0,1.0,6.0
sales,1.0,0.8,0.8888888888888888,5.0
usage,1.0,1.0,1.0,6.0
accuracy,0.9230769230769231,0.9230769230769231,0.9230769230769231,0.9230769230769231
macro avg,0.9272108843537415,0.919047619047619,0.9207570207570208,39.0
weighted avg,0.9267399267399267,0.9230769230769231,0.9226386149463073,39.0
