category,language,keyword
account,ja,ログイン
account,ja,パスワード
account,ja,認証
account,ja,アカウント
account,ja,メールアドレス
account,ja,招待
account,ja,ユーザー
account,ja,二段階
account,en,login
account,en,password
account,en,authentication
account,en,account
account,en,email
account,en,invite
account,en,user
account,en,two-factor
account,zh,登录
account,zh,密码
account,zh,认证
account,zh,账户
account,zh,邮箱
account,zh,邀请
account,zh,用户
account,zh,双重验证
billing,ja,請求
billing,ja,料金
billing,ja,支払い
billing,ja,決済
billing,ja,領収書
billing,ja,カード
billing,ja,振込
billing,ja,契約
billing,ja,金額
billing,en,invoice
billing,en,billing
billing,en,payment
billing,en,credit card
billing,en,receipt
billing,en,price
billing,en,plan
billing,en,charge
billing,zh,发票
billing,zh,账单
billing,zh,付款
billing,zh,信用卡
billing,zh,收据
billing,zh,费用
billing,zh,套餐
billing,zh,扣款
bug,ja,エラー
bug,ja,不具合
bug,ja,表示されません
bug,ja,保存されません
bug,ja,落ちます
bug,ja,止まります
bug,ja,真っ白
bug,ja,タイムアウト
bug,en,error
bug,en,bug
bug,en,crash
bug,en,failed
bug,en,not working
bug,en,blank
bug,en,timeout
bug,en,cannot
bug,zh,错误
bug,zh,故障
bug,zh,崩溃
bug,zh,失败
bug,zh,无法
bug,zh,空白
bug,zh,超时
bug,zh,不能
cancel,ja,解約
cancel,ja,退会
cancel,ja,キャンセル
cancel,ja,停止
cancel,ja,削除
cancel,ja,終了
cancel,ja,無料プラン
cancel,ja,更新前
cancel,en,cancel
cancel,en,cancellation
cancel,en,unsubscribe
cancel,en,delete account
cancel,en,terminate
cancel,en,stop service
cancel,en,downgrade
cancel,en,renewal
cancel,zh,取消
cancel,zh,退订
cancel,zh,注销
cancel,zh,删除账户
cancel,zh,终止
cancel,zh,停止服务
cancel,zh,降级
cancel,zh,续费
feature,ja,追加
feature,ja,機能
feature,ja,要望
feature,ja,できるように
feature,ja,連携
feature,ja,一括
feature,ja,並べ替え
feature,ja,下書き
feature,en,feature
feature,en,request
feature,en,add
feature,en,integration
feature,en,bulk
feature,en,customize
feature,en,export
feature,en,automation
feature,zh,功能
feature,zh,需求
feature,zh,添加
feature,zh,集成
feature,zh,批量
feature,zh,自定义
feature,zh,导出
feature,zh,自动化
sales,ja,導入
sales,ja,見積
sales,ja,資料
sales,ja,デモ
sales,ja,トライアル
sales,ja,法人
sales,ja,相談
sales,ja,契約前
sales,ja,他社
sales,en,demo
sales,en,trial
sales,en,quote
sales,en,sales
sales,en,enterprise
sales,en,consult
sales,en,before purchase
sales,en,case study
sales,zh,演示
sales,zh,试用
sales,zh,报价
sales,zh,销售
sales,zh,企业
sales,zh,咨询
sales,zh,购买前
sales,zh,案例
usage,ja,方法
usage,ja,手順
usage,ja,使い方
usage,ja,設定
usage,ja,どこ
usage,ja,教えて
usage,ja,確認したい
usage,ja,操作
usage,ja,インポート
usage,en,how to
usage,en,procedure
usage,en,setting
usage,en,where
usage,en,guide
usage,en,use
usage,en,import
usage,en,permission
usage,zh,如何
usage,zh,步骤
usage,zh,设置
usage,zh,在哪里
usage,zh,指南
usage,zh,使用
usage,zh,导入
usage,zh,权限
