text,category
ログインしようとすると認証エラーになり、管理画面に入れません,account
パスワード再設定メールが届かないので確認してほしいです,account
登録したメールアドレスを変更する方法を教えてください,account
二段階認証のコードが古い端末に届いてしまいます,account
アカウントを作成したのに確認メールが届きません,account
ユーザー名を変更したいのですが設定場所が見つかりません,account
退職した社員のアカウントを停止したいです,account
ログイン中の端末をすべて解除する方法はありますか,account
招待リンクの期限が切れてしまい参加できません,account
プロフィール情報を更新しても画面に反映されません,account
請求書の宛名を会社名に変更できますか,billing
クレジットカード決済が失敗した理由を知りたいです,billing
今月の利用料金の内訳を確認したいです,billing
領収書を再発行してメールで送ってください,billing
無料期間が終わった後の料金プランを教えてください,billing
支払い方法を銀行振込に変更したいです,billing
二重に請求されているようなので確認をお願いします,billing
年間契約に変更した場合の金額を知りたいです,billing
請求先メールアドレスを経理担当者に変更したいです,billing
カード情報を更新したのに支払いエラーが消えません,billing
契約を解約したいので手続き方法を教えてください,cancel
来月からサービスを停止したいです,cancel
退会すると保存しているデータは削除されますか,cancel
有料プランをキャンセルした場合いつまで使えますか,cancel
解約申請の取り消しは可能でしょうか,cancel
アカウント削除とプラン解約の違いを知りたいです,cancel
契約更新前に解約したいのですが期限はいつですか,cancel
無料プランに戻す手順を教えてください,cancel
退会処理後に再登録できますか,cancel
サービス利用を終了するため必要な作業を確認したいです,cancel
画面が真っ白になって操作できません,bug
保存ボタンを押すとエラーコード500が表示されます,bug
CSVをアップロードすると途中で処理が止まります,bug
スマートフォンで表示するとレイアウトが崩れています,bug
検索結果が正しく表示されず同じ項目が重複します,bug
通知設定を変更しても保存されません,bug
ファイルを添付するとアプリが落ちます,bug
昨日から読み込みが終わらずタイムアウトします,bug
権限があるのに編集ボタンが表示されません,bug
入力した内容が勝手に消えてしまいます,bug
レポートの作成手順を教えてください,usage
CSVのインポート方法が分かりません,usage
チームメンバーを追加する操作方法を知りたいです,usage
通知をオフにする設定はどこにありますか,usage
ダッシュボードのグラフの見方を教えてください,usage
テンプレートを複製して使うことはできますか,usage
権限ごとにできる操作の違いを知りたいです,usage
データをエクスポートする手順を確認したいです,usage
初期設定で最低限必要な項目を教えてください,usage
APIキーを発行する場所はどこですか,usage
新しい機能として一括編集を追加してほしいです,feature
スマホアプリでも承認作業ができるようにしてほしいです,feature
通知をSlackにも送れる機能が欲しいです,feature
レポートをPDFで出力できるようにしてください,feature
複数条件で絞り込める検索機能を追加できますか,feature
承認フローを部署ごとに分けたいです,feature
ダッシュボードの表示項目を自由に並べ替えたいです,feature
外部カレンダーとの連携機能を希望します,feature
入力フォームに下書き保存機能を追加してほしいです,feature
管理者向けの操作ログを確認できる機能が欲しいです,feature
サービス資料を送っていただけますか,sales
導入前にオンラインで説明を受けたいです,sales
他社製品との違いを教えてください,sales
10名で利用する場合の見積もりをお願いします,sales
トライアル利用の申し込み方法を知りたいです,sales
セキュリティチェックシートへの回答は可能ですか,sales
法人契約の相談をしたいです,sales
導入事例や活用例を確認したいです,sales
代理店経由で購入できますか,sales
デモ環境を触ってから契約を検討したいです,sales
請求書を確認しようとしたらログイン画面に戻されます,bug
パスワードを変更した後にログインできなくなりました,account
解約後の請求が発生するか確認したいです,billing
有料契約を終了したいが管理画面に項目がありません,cancel
CSV出力したファイルの文字化けを直す方法を知りたいです,usage
検索条件を保存できるようにしてほしいです,feature
導入に必要な初期費用を教えてください,sales
メールアドレス認証が完了しないためアカウントを有効化できません,account
月額料金の日割り計算について教えてください,billing
画面遷移後に前の入力内容が消える不具合があります,bug
退会前にデータをバックアップする手順を教えてください,cancel
管理者権限を付与する方法を教えてください,usage
Webhookで外部サービスへ通知できるようにしたいです,feature
契約前に技術的な質問を相談できる担当者はいますか,sales
I cannot log in to my account after resetting my password,account
The verification email for my new account has not arrived,account
How can I change the email address registered to my account,account
The two-factor authentication code is being sent to my old phone,account
My invitation link expired and I cannot join the workspace,account
I want to update the billing name on my invoice,billing
My credit card payment failed and I need to know why,billing
Please resend the receipt for this month by email,billing
I would like to change my payment method to bank transfer,billing
Can you explain the pricing if we switch to an annual plan,billing
I want to cancel my paid subscription next month,cancel
If I delete my account will all saved data be removed,cancel
Please tell me how to unsubscribe from the service,cancel
Can I downgrade from the paid plan to the free plan,cancel
I need to stop the service before the next renewal date,cancel
The screen goes blank when I open the dashboard,bug
An error code 500 appears when I click the save button,bug
The app crashes whenever I upload a file,bug
Search results are duplicated and not displayed correctly,bug
The page keeps loading until it times out,bug
How do I import a CSV file into the system,usage
Where can I find the notification settings,usage
Please tell me the steps to add a team member,usage
How can I export all project data,usage
I need a guide for issuing an API key,usage
Please add a bulk edit feature for administrators,feature
I want Slack integration for notifications,feature
Can you add PDF export for reports,feature
We need a feature to save search conditions,feature
Please make dashboard widgets customizable,feature
Please send me product materials for review,sales
I would like to request a demo before purchasing,sales
Can you provide a quote for ten users,sales
I want to discuss an enterprise contract with sales,sales
Do you have case studies for companies in our industry,sales
重置密码后我无法登录账户,account
新账户的验证邮件一直没有收到,account
如何更改账户绑定的邮箱地址,account
双重验证验证码发送到了旧手机,account
邀请链接已过期所以无法加入工作区,account
我想修改发票上的公司名称,billing
信用卡付款失败请帮我确认原因,billing
请重新发送本月的收据到邮箱,billing
我想把付款方式改成银行转账,billing
年度套餐的费用是多少,billing
我想下个月取消付费订阅,cancel
注销账户后保存的数据会被删除吗,cancel
请告诉我退订服务的步骤,cancel
可以从付费套餐降级到免费套餐吗,cancel
我想在下次续费前停止服务,cancel
打开仪表盘时屏幕变成空白,bug
点击保存按钮后出现500错误,bug
上传文件时应用会崩溃,bug
搜索结果重复显示不正确,bug
页面一直加载直到超时,bug
如何导入CSV文件,usage
通知设置在哪里,usage
请告诉我添加团队成员的步骤,usage
如何导出所有项目数据,usage
API密钥在哪里生成,usage
请添加管理员批量编辑功能,feature
希望通知可以集成到Slack,feature
可以添加报表PDF导出功能吗,feature
希望能够保存搜索条件,feature
请让仪表盘组件可以自定义,feature
请发送产品资料给我参考,sales
购买前我想申请演示,sales
请提供10个用户的报价,sales
我想咨询企业合同,sales
有没有同行业公司的案例,sales
